Unnamed: 0,2021,2022,2023,2024,company
Operating Activities,,,,,CEG
Net Income,-83.0,-167.0,1623.0,3738.0,CEG
Dep. & Amort.,4540.0,2427.0,2514.0,2700.0,CEG
Deferred Tax,-205.0,-643.0,251.0,0.0,CEG
Stock-Based Comp.,47.0,116.0,0.0,0.0,CEG
Change in WC,-3608.0,-5246.0,-9874.0,-9168.0,CEG
Other Non-Cash,-1332.0,1160.0,185.0,0.0,CEG
Operating Cash Flow,-1338.0,-2353.0,-5301.0,-2464.0,CEG
Investing Activities,,,,,CEG
PP&E Inv.,-1329.0,-1689.0,-2422.0,-2565.0,CEG
Net Acquisitions,1329.0,52.0,0.0,0.0,CEG
Inv. Purchases,-6673.0,-4271.0,-6050.0,-6282.0,CEG
Inv. Sales/Matur.,6532.0,4050.0,5822.0,6005.0,CEG
Other Inv. Act.,3423.0,4962.0,5681.0,10270.0,CEG
Investing Cash Flow,3282.0,3104.0,3031.0,7428.0,CEG
Financing Activities,,,,,CEG
Debt Repay.,1289.0,-2329.0,3512.0,-845.0,CEG
Stock Issued,64.0,1750.0,0.0,0.0,CEG
Stock Repurch.,-64.0,-1750.0,-992.0,-999.0,CEG
Dividends Paid,-1832.0,-185.0,-366.0,-444.0,CEG
Other Fin. Act.,-1152.0,1715.0,42.0,-1.0,CEG
Financing Cash Flow,-1695.0,-799.0,2196.0,-2289.0,CEG
Forex Effect,0.0,0.0,0.0,0.0,CEG
Net Chg. in Cash,249.0,-48.0,-74.0,2675.0,CEG
Supplemental Information,,,,,CEG
Operating Cash Flow,-1338.0,-2353.0,-5301.0,-2464.0,CEG
Capital Expenditures,-1329.0,-1689.0,-2422.0,-2565.0,CEG
Beg. Cash,327.0,576.0,528.0,454.0,CEG
End Cash,576.0,528.0,454.0,3129.0,CEG
Free Cash Flow,-2667.0,-4042.0,-7723.0,-5029.0,CEG
Operating Activities,,,,,CCJ
Net Income,-CA103,CA89,CA361,CA172,CCJ
Dep. & Amort.,190,177,220,317,CCJ
Deferred Tax,-1,-4,126,0,CCJ
Stock-Based Comp.,5,3,4,49,CCJ
Change in WC,310,-110,-27,-74,CCJ
Other Non-Cash,57,149,4,441,CCJ
Operating Cash Flow,458,305,688,905,CCJ
Investing Activities,,,,,CCJ
PP&E Inv.,-99,-143,-154,-212,CCJ
Net Acquisitions,5,-102,-3029,0,CCJ
Inv. Purchases,-60,-1044,0,0,CCJ
Inv. Sales/Matur.,55,0,0,0,CCJ
Other Inv. Act.,18,-1,1138,5,CCJ
Investing Cash Flow,-80,-1291,-2045,-206,CCJ
Financing Activities,,,,,CCJ
Debt Repay.,-3,-3,814,-547,CCJ
Stock Issued,27,963,28,17,CCJ
Stock Repurch.,0,0,0,0,CCJ
Dividends Paid,-32,-52,-52,-70,CCJ
Other Fin. Act.,-39,-39,-41,-89,CCJ
Financing Cash Flow,-47,869,749,-688,CCJ
Forex Effect,-2,13,31,23,CCJ
Net Chg. in Cash,329,-104,-577,34,CCJ
Supplemental Information,,,,,CCJ
Operating Cash Flow,458,305,688,905,CCJ
Capital Expenditures,-99,-143,-154,-212,CCJ
Beg. Cash,918,1247,1144,567,CCJ
End Cash,1247,1144,567,600,CCJ
Free Cash Flow,360,161,535,694,CCJ
Operating Activities,,,,,BWXT
Net Income,306.0,239.0,246.0,282.0,BWXT
Dep. & Amort.,69.0,74.0,79.0,86.0,BWXT
Deferred Tax,40.0,6.0,-5.0,20.0,BWXT
Stock-Based Comp.,19.0,14.0,16.0,22.0,BWXT
Change in WC,-15.0,-142.0,-17.0,0.0,BWXT
Other Non-Cash,-33.0,54.0,45.0,-1.0,BWXT
Operating Cash Flow,386.0,245.0,364.0,408.0,BWXT
Investing Activities,,,,,BWXT
PP&E Inv.,-311.0,-198.0,-151.0,-154.0,BWXT
Net Acquisitions,0.0,-59.0,0.0,0.0,BWXT
Inv. Purchases,-5.0,-4.0,-2.0,0.0,BWXT
Inv. Sales/Matur.,6.0,4.0,6.0,0.0,BWXT
Other Inv. Act.,6.0,0.8,-8.0,-0.9,BWXT
Investing Cash Flow,-305.0,-256.0,-156.0,-155.0,BWXT
Financing Activities,,,,,BWXT
Debt Repay.,226.0,100.0,-81.0,-156.0,BWXT
Stock Issued,0.0,0.0,0.0,0.0,BWXT
Stock Repurch.,-226.0,-20.0,-8.0,-20.0,BWXT
Dividends Paid,-80.0,-81.0,-85.0,-88.0,BWXT
Other Fin. Act.,-10.0,15.0,4.0,12.0,BWXT
Financing Cash Flow,-90.0,14.0,-169.0,-253.0,BWXT
Forex Effect,0.2,-1.0,2.0,-2.0,BWXT
Net Chg. in Cash,-9.0,1.0,41.0,-1.0,BWXT
Supplemental Information,,,,,BWXT
Operating Cash Flow,386.0,245.0,364.0,408.0,BWXT
Capital Expenditures,-311.0,-198.0,-151.0,-154.0,BWXT
Beg. Cash,48.0,40.0,41.0,82.0,BWXT
End Cash,40.0,41.0,82.0,81.0,BWXT
Free Cash Flow,75.0,46.0,212.0,255.0,BWXT
Operating Activities,,,,,GEV
Net Income,-633.0,-2736.0,-438.0,1559.0,GEV
Dep. & Amort.,1176.0,991.0,964.0,1172.0,GEV
Deferred Tax,-349.0,157.0,342.0,316.0,GEV
Stock-Based Comp.,0.0,0.0,0.0,0.0,GEV
Change in WC,-1263.0,860.0,1072.0,0.0,GEV
Other Non-Cash,2390.0,3580.0,-754.0,-464.0,GEV
Operating Cash Flow,-1660.0,-114.0,1186.0,2583.0,GEV
Investing Activities,,,,,GEV
PP&E Inv.,-577.0,-513.0,-744.0,-883.0,GEV
Net Acquisitions,69.0,53.0,60.0,0.0,GEV
Inv. Purchases,-545.0,-393.0,0.0,-114.0,GEV
Inv. Sales/Matur.,176.0,340.0,232.0,244.0,GEV
Other Inv. Act.,-264.0,191.0,-282.0,716.0,GEV
Investing Cash Flow,-1141.0,-322.0,-734.0,-37.0,GEV
Financing Activities,,,,,GEV
Debt Repay.,-104.0,15.0,16.0,-23.0,GEV
Stock Issued,0.0,0.0,0.0,0.0,GEV
Stock Repurch.,0.0,0.0,0.0,0.0,GEV
Dividends Paid,0.0,0.0,0.0,0.0,GEV
Other Fin. Act.,2100.0,796.0,-424.0,3675.0,GEV
Financing Cash Flow,1996.0,811.0,-408.0,3652.0,GEV
Forex Effect,-66.0,-87.0,22.0,-147.0,GEV
Net Chg. in Cash,-871.0,267.0,-516.0,6051.0,GEV
Supplemental Information,,,,,GEV
Operating Cash Flow,-1660.0,-114.0,1186.0,2583.0,GEV
Capital Expenditures,-577.0,-513.0,-744.0,-883.0,GEV
Beg. Cash,2671.0,1800.0,2067.0,1551.0,GEV
End Cash,1800.0,2067.0,1551.0,7602.0,GEV
Free Cash Flow,-2237.0,-627.0,442.0,1700.0,GEV
Operating Activities,,,,,LEU
Net Income,175.0,52.0,84.0,73.0,LEU
Dep. & Amort.,9.0,10.0,7.0,11.0,LEU
Deferred Tax,-40.0,15.0,-2.0,-0.7,LEU
Stock-Based Comp.,12.0,2.0,2.0,2.0,LEU
Change in WC,-53.0,-93.0,-44.0,-33.0,LEU
Other Non-Cash,-53.0,35.0,-39.0,-15.0,LEU
Operating Cash Flow,50.0,21.0,9.0,37.0,LEU
Investing Activities,,,,,LEU
PP&E Inv.,-1.0,-0.7,-2.0,-4.0,LEU
Net Acquisitions,0.0,0.0,0.0,0.0,LEU
Inv. Purchases,0.0,0.0,0.0,0.0,LEU
Inv. Sales/Matur.,0.0,0.0,0.0,0.0,LEU
Other Inv. Act.,0.0,0.0,0.0,0.0,LEU
Investing Cash Flow,-1.0,-0.7,-2.0,-4.0,LEU
Financing Activities,,,,,LEU
Debt Repay.,0.0,0.0,0.0,389.0,LEU
Stock Issued,42.0,4.0,23.0,55.0,LEU
Stock Repurch.,-44.0,0.0,0.0,0.0,LEU
Dividends Paid,0.0,0.0,0.0,0.0,LEU
Other Fin. Act.,-52.0,-8.0,-9.0,-0.6,LEU
Financing Cash Flow,-10.0,-4.0,14.0,437.0,LEU
Forex Effect,0.0,0.0,0.0,0.2,LEU
Net Chg. in Cash,39.0,16.0,21.0,470.0,LEU
Supplemental Information,,,,,LEU
Operating Cash Flow,50.0,21.0,9.0,37.0,LEU
Capital Expenditures,-1.0,-0.7,-2.0,-4.0,LEU
Beg. Cash,158.0,197.0,212.0,234.0,LEU
End Cash,197.0,212.0,234.0,704.0,LEU
Free Cash Flow,49.0,20.0,8.0,33.0,LEU
Operating Activities,,,,,ANLDF
Net Income,-CA10,-CA9,CA13,-CA11,ANLDF
Dep. & Amort.,0.4,0.5,0.0,0.0,ANLDF
Deferred Tax,-0.4,-0.5,0,0,ANLDF
Stock-Based Comp.,2,3,2,0,ANLDF
Change in WC,-1,-0.4,-1,2,ANLDF
Other Non-Cash,4,-1,-22,1.0,ANLDF
Operating Cash Flow,-5,-8,-7,-8,ANLDF
Investing Activities,,,,,ANLDF
PP&E Inv.,-0.1,-2,-6,-0.1,ANLDF
Net Acquisitions,0.1,0,-0.1,0,ANLDF
Inv. Purchases,-3,0,0,0,ANLDF
Inv. Sales/Matur.,3,0,0,0,ANLDF
Other Inv. Act.,-3,0,1,-0.8,ANLDF
Investing Cash Flow,-3,-2,-5,-0.9,ANLDF
Financing Activities,,,,,ANLDF
Debt Repay.,-0.0,0,4,6,ANLDF
Stock Issued,4,20,6,0,ANLDF
Stock Repurch.,0,0,0,0,ANLDF
Dividends Paid,0,0,0,0,ANLDF
Other Fin. Act.,7,-11,0,2,ANLDF
Financing Cash Flow,11,9,10,8,ANLDF
Forex Effect,0,0,0,0,ANLDF
Net Chg. in Cash,3,-0.5,-2,-1,ANLDF
Supplemental Information,,,,,ANLDF
Operating Cash Flow,-5,-8,-7,-8,ANLDF
Capital Expenditures,-0.1,-2,-6,-0.1,ANLDF
Beg. Cash,2,5,4,3,ANLDF
End Cash,5,4,3,1,ANLDF
Free Cash Flow,-5,-9,-13,-8,ANLDF
Operating Activities,,,,,BOE
Net Income,A0.9,A31,A13,A45,BOE
Dep. & Amort.,0.1,0.0,0.1,0.4,BOE
Deferred Tax,-0.4,-0.1,-3,0,BOE
Stock-Based Comp.,0.0,0.0,0.0,0,BOE
Change in WC,-0.2,0.0,-3,-8,BOE
Other Non-Cash,-4,-36,-11,-49,BOE
Operating Cash Flow,-3,-4,-4,-12,BOE
Investing Activities,,,,,BOE
PP&E Inv.,-2,-3,-40,-90,BOE
Net Acquisitions,0.0,0.0,0,-91,BOE
Inv. Purchases,-50,-0.6,-0.7,-38,BOE
Inv. Sales/Matur.,0.0,1,0,0,BOE
Other Inv. Act.,-0.0,-0.2,-0.0,-5,BOE
Investing Cash Flow,-51,-3,-41,-223,BOE
Financing Activities,,,,,BOE
Debt Repay.,-0.4,0,0,0,BOE
Stock Issued,72,119,0,220,BOE
Stock Repurch.,0,0,0,0,BOE
Dividends Paid,0,0,0,0,BOE
Other Fin. Act.,0,-0.0,-0.0,-0.2,BOE
Financing Cash Flow,72,119,-0.0,212,BOE
Forex Effect,0.0,0.0,0.0,2,BOE
Net Chg. in Cash,17,112,-44,-22,BOE
Supplemental Information,,,,,BOE
Operating Cash Flow,-3,-4,-4,-12,BOE
Capital Expenditures,-2,-3,-40,-90,BOE
Beg. Cash,4,21,133,89,BOE
End Cash,21,133,89,67,BOE
Free Cash Flow,-5,-7,-43,-102,BOE
Operating Activities,,,,,NEE
Net Income,2827.0,3246.0,6282.0,5698.0,NEE
Dep. & Amort.,4212.0,4790.0,6151.0,5761.0,NEE
Deferred Tax,474.0,534.0,708.0,1308.0,NEE
Stock-Based Comp.,119.0,142.0,0.0,0.0,NEE
Change in WC,-523.0,412.0,-1393.0,160.0,NEE
Other Non-Cash,-1062.0,-862.0,-447.0,333.0,NEE
Operating Cash Flow,7553.0,8262.0,11301.0,13260.0,NEE
Investing Activities,,,,,NEE
PP&E Inv.,-7830.0,-9742.0,0.0,0.0,NEE
Net Acquisitions,-7555.0,0.0,924.0,0.0,NEE
Inv. Purchases,-13557.0,-14127.0,-21491.0,-5623.0,NEE
Inv. Sales/Matur.,7756.0,5421.0,6758.0,8104.0,NEE
Other Inv. Act.,7595.0,89.0,-9658.0,-24745.0,NEE
Investing Cash Flow,-13591.0,-18359.0,-23467.0,-22264.0,NEE
Financing Activities,,,,,NEE
Debt Repay.,6663.0,10288.0,8187.0,11638.0,NEE
Stock Issued,14.0,1460.0,4514.0,48.0,NEE
Stock Repurch.,0.0,0.0,0.0,0.0,NEE
Dividends Paid,-3024.0,-3352.0,-3782.0,-4235.0,NEE
Other Fin. Act.,2154.0,3833.0,3230.0,-451.0,NEE
Financing Cash Flow,5807.0,12229.0,12149.0,7000.0,NEE
Forex Effect,1.0,-7.0,-4.0,-14.0,NEE
Net Chg. in Cash,-230.0,2125.0,-21.0,-2018.0,NEE
Supplemental Information,,,,,NEE
Operating Cash Flow,7553.0,8262.0,11301.0,13260.0,NEE
Capital Expenditures,-7830.0,-9742.0,-9548.0,-8514.0,NEE
Beg. Cash,1546.0,1316.0,3441.0,3420.0,NEE
End Cash,1316.0,3441.0,3420.0,1402.0,NEE
Free Cash Flow,-277.0,-1480.0,1753.0,4746.0,NEE
Operating Activities,,,,,NXE
Net Income,-CA127,-CA60,CA70,-CA78,NXE
Dep. & Amort.,2,2,2,2,NXE
Deferred Tax,1,-1,-1,-5,NXE
Stock-Based Comp.,31,35,37,30,NXE
Change in WC,-0.1,-0.1,-14,-6,NXE
Other Non-Cash,76,4,-146,32,NXE
Operating Cash Flow,-17,-20,-53,-24,NXE
Investing Activities,,,,,NXE
PP&E Inv.,-47,-0.4,-6,-2,NXE
Net Acquisitions,0.2,0,0,0,NXE
Inv. Purchases,0,0,-2,0,NXE
Inv. Sales/Matur.,0,0,0,0,NXE
Other Inv. Act.,0.0,-68,-152,-128,NXE
Investing Cash Flow,-47,-68,-160,-131,NXE
Financing Activities,,,,,NXE
Debt Repay.,-1,4,147,-1,NXE
Stock Issued,164,6,197,346,NXE
Stock Repurch.,0,0,0,0,NXE
Dividends Paid,0,0,0,0,NXE
Other Fin. Act.,28,9,24,-0.3,NXE
Financing Cash Flow,191,20,369,345,NXE
Forex Effect,-0.1,1,0.2,-4,NXE
Net Chg. in Cash,128,-67,156,186,NXE
Supplemental Information,,,,,NXE
Operating Cash Flow,-17,-20,-53,-24,NXE
Capital Expenditures,-47,-0.4,-6,-131,NXE
Beg. Cash,74,202,134,291,NXE
End Cash,202,134,291,477,NXE
Free Cash Flow,-64,-21,-168,-155,NXE
Operating Activities,,,,,NNE
Net Income,,-1.0,-6.0,-10.0,NNE
Dep. & Amort.,,0.0,0.0,0.1,NNE
Deferred Tax,,0.0,0.0,0.0,NNE
Stock-Based Comp.,,0.0,0.0,0.3,NNE
Change in WC,,0.0,-0.0,0.5,NNE
Other Non-Cash,,0.4,2.0,0.8,NNE
Operating Cash Flow,,-0.6,-4.0,-8.0,NNE
Investing Activities,,,,,NNE
PP&E Inv.,,0.0,0.0,-2.0,NNE
Net Acquisitions,,0.0,0.0,0.0,NNE
Inv. Purchases,,0.0,0.0,0.0,NNE
Inv. Sales/Matur.,,0.0,0.0,0.0,NNE
Other Inv. Act.,,0.0,0.0,-2.0,NNE
Investing Cash Flow,,0.0,0.0,-4.0,NNE
Financing Activities,,,,,NNE
Debt Repay.,,0.0,0.0,0.0,NNE
Stock Issued,,3.0,9.0,35.0,NNE
Stock Repurch.,,0.0,0.0,0.0,NNE
Dividends Paid,,0.0,0.0,0.0,NNE
Other Fin. Act.,,3.0,-0.1,-1.0,NNE
Financing Cash Flow,,3.0,9.0,34.0,NNE
Forex Effect,,0.0,0.0,0.0,NNE
Net Chg. in Cash,,2.0,5.0,22.0,NNE
Supplemental Information,,,,,NNE
Operating Cash Flow,,-0.6,-4.0,-8.0,NNE
Capital Expenditures,,0.0,0.0,-2.0,NNE
Beg. Cash,,0.0,2.0,7.0,NNE
End Cash,,2.0,7.0,29.0,NNE
Free Cash Flow,,-0.6,-4.0,-10.0,NNE
Operating Activities,,,,,OKLO
Net Income,-1.0,4.0,-0.0,-74.0,OKLO
Dep. & Amort.,0.0,0.0,0.0,0.3,OKLO
Deferred Tax,0.0,0.3,-0.3,0.0,OKLO
Stock-Based Comp.,0.1,0.3,0.0,12.0,OKLO
Change in WC,-0.9,2.0,-0.2,-5.0,OKLO
Other Non-Cash,0.0,-7.0,0.5,27.0,OKLO
Operating Cash Flow,-2.0,-1.0,-0.0,-38.0,OKLO
Investing Activities,,,,,OKLO
PP&E Inv.,-0.1,-0.1,-0.0,-0.4,OKLO
Net Acquisitions,0.0,0.0,0.0,0.0,OKLO
Inv. Purchases,-500.0,0.0,0.0,-292.0,OKLO
Inv. Sales/Matur.,0.0,0.0,0.0,116.0,OKLO
Other Inv. Act.,0.0,1.0,0.0,0.0,OKLO
Investing Cash Flow,-500.0,1.0,-0.0,-176.0,OKLO
Financing Activities,,,,,OKLO
Debt Repay.,0.0,0.0,0.0,0.0,OKLO
Stock Issued,505.0,0.0,0.0,0.0,OKLO
Stock Repurch.,0.0,0.0,-216.0,0.0,OKLO
Dividends Paid,0.0,0.0,0.0,0.0,OKLO
Other Fin. Act.,4.0,0.0,-0.0,301.0,OKLO
Financing Cash Flow,505.0,9.0,0.0,301.0,OKLO
Forex Effect,0.0,0.0,0.0,0.0,OKLO
Net Chg. in Cash,-9.0,0.2,0.2,87.0,OKLO
Supplemental Information,,,,,OKLO
Operating Cash Flow,-2.0,-1.0,-0.0,-38.0,OKLO
Capital Expenditures,-0.1,-0.1,0.0,-0.4,OKLO
Beg. Cash,12.0,3.0,0.0,10.0,OKLO
End Cash,3.0,4.0,10.0,97.0,OKLO
Free Cash Flow,-2.0,-1.0,-16.0,-39.0,OKLO
Operating Activities,,,,,UEC
Net Income,-15.0,5.0,-3.0,-29.0,UEC
Dep. & Amort.,0.4,1.0,2.0,2.0,UEC
Deferred Tax,-0.0,-0.0,0.9,-5.0,UEC
Stock-Based Comp.,5.0,5.0,6.0,5.0,UEC
Change in WC,-28.0,-35.0,57.0,-59.0,UEC
Other Non-Cash,-4.0,-29.0,10.0,-20.0,UEC
Operating Cash Flow,-41.0,-53.0,73.0,-106.0,UEC
Investing Activities,,,,,UEC
PP&E Inv.,-0.2,-1.0,-0.7,-3.0,UEC
Net Acquisitions,-3.0,-114.0,-82.0,0.0,UEC
Inv. Purchases,-10.0,-15.0,-47.0,-1.0,UEC
Inv. Sales/Matur.,10.0,10.0,5.0,3.0,UEC
Other Inv. Act.,-3.0,9.0,0.0,-23.0,UEC
Investing Cash Flow,-4.0,-111.0,-125.0,-25.0,UEC
Financing Activities,,,,,UEC
Debt Repay.,-10.0,-10.0,-0.1,0.0,UEC
Stock Issued,95.0,168.0,67.0,177.0,UEC
Stock Repurch.,0.0,-0.6,0.0,0.0,UEC
Dividends Paid,0.0,0.0,0.0,0.0,UEC
Other Fin. Act.,-0.8,-0.6,-2.0,-4.0,UEC
Financing Cash Flow,84.0,157.0,65.0,173.0,UEC
Forex Effect,0.0,0.0,-0.1,-0.0,UEC
Net Chg. in Cash,39.0,-7.0,13.0,42.0,UEC
Supplemental Information,,,,,UEC
Operating Cash Flow,-41.0,-53.0,73.0,-106.0,UEC
Capital Expenditures,-0.2,-1.0,-0.7,-3.0,UEC
Beg. Cash,7.0,46.0,40.0,53.0,UEC
End Cash,46.0,40.0,53.0,95.0,UEC
Free Cash Flow,-42.0,-54.0,72.0,-110.0,UEC
Operating Activities,,,,,UUUU
Net Income,1.0,-60.0,100.0,-48.0,UUUU
Dep. & Amort.,3.0,0.0,0.0,0.0,UUUU
Deferred Tax,-3.0,0.0,0.0,0.0,UUUU
Stock-Based Comp.,2.0,5.0,5.0,5.0,UUUU
Change in WC,-3.0,-14.0,0.0,-1.0,UUUU
Other Non-Cash,-30.0,20.0,-120.0,-2.0,UUUU
Operating Cash Flow,-29.0,-50.0,-15.0,-44.0,UUUU
Investing Activities,,,,,UUUU
PP&E Inv.,-1.0,-2.0,-45.0,-22.0,UUUU
Net Acquisitions,0.3,0.5,0.0,27.0,UUUU
Inv. Purchases,-0.3,-11.0,-176.0,-248.0,UUUU
Inv. Sales/Matur.,3.0,6.0,140.0,283.0,UUUU
Other Inv. Act.,2.0,-0.1,57.0,-53.0,UUUU
Investing Cash Flow,3.0,-7.0,-24.0,-13.0,UUUU
Financing Activities,,,,,UUUU
Debt Repay.,0.0,0.0,0.0,0.0,UUUU
Stock Issued,106.0,8.0,32.0,17.0,UUUU
Stock Repurch.,0.0,0.0,0.0,0.0,UUUU
Dividends Paid,0.0,0.0,0.0,0.0,UUUU
Other Fin. Act.,12.0,-0.0,-1.0,-1.0,UUUU
Financing Cash Flow,118.0,8.0,30.0,16.0,UUUU
Forex Effect,0.0,-0.1,0.0,-2.0,UUUU
Net Chg. in Cash,92.0,-53.0,-5.0,-16.0,UUUU
Supplemental Information,,,,,UUUU
Operating Cash Flow,-29.0,-50.0,-15.0,-44.0,UUUU
Capital Expenditures,-1.0,-2.0,-45.0,-31.0,UUUU
Beg. Cash,41.0,133.0,80.0,75.0,UUUU
End Cash,133.0,80.0,75.0,59.0,UUUU
Free Cash Flow,-31.0,-52.0,-60.0,-75.0,UUUU
